customer_id,name,age,gender,income_level,city
1,Bernelle Stickings,20,Female,medium,Pathein
2,Konstanze Lowry,56,Female,medium,Ishkhoy-Yurt
3,Sanson Weatherup,33,Male,low,Aime
4,Webb Grime,65,Male,medium,Velké Svatoňovice
5,Francois Walework,39,Male,high,Hongqi Yingzi
6,Tabb Bidewell,19,Male,medium,Tumpakkepuh
7,Jamesy Korpal,56,Male,high,Camperdown
8,Andie Grigore,70,Male,medium,Moncada
9,Nanice Mc Queen,27,Female,medium,Inhambupe
10,Constantia Hubert,40,Female,medium,Fujia
11,Kristos Hundey,26,Male,high,Quixadá
12,Vale Georgeon,34,Female,high,Al Jīzah
13,Aleece Matushenko,50,Female,medium,Babice
14,Ranna Cockran,19,Female,medium,Thị Trấn Yên Ninh
15,Debby Arber,70,Female,high,Curug
16,Queenie Kohrding,21,Female,medium,Vesoul
17,Aloysia Beckett,51,Female,high,Suso
18,Kip Morfield,67,Female,high,Przybiernów
19,Emilio Gallant,39,Male,low,Keleng
20,Decca McCambridge,63,Male,medium,Krasnosilka
21,Sidnee Pinch,60,Male,low,Yangjiao
22,Eloise Freyn,48,Female,medium,Mufushan
23,Frederico Hayth,52,Male,high,Romilly-sur-Seine
24,Kenton Duckit,53,Male,low,Duy Xuyên
25,Mirilla Berfoot,62,Female,medium,Cajicá
26,Reggi Izzard,58,Female,medium,Bondokodi
27,Kinnie Kyte,50,Male,medium,Ferraz de Vasconcelos
28,Ulrick Balazin,17,Male,high,Novoselitsa
29,Tabbatha Maruska,52,Female,low,Normanton
30,Maribelle Jakel,66,Female,medium,Tinghir
31,Toby Radwell,37,Female,medium,Załuski
32,Rocky Darrell,70,Male,high,Bulawin
33,Peirce Zappel,52,Male,low,Arroyo Seco
34,Sheilakathryn Brewse,38,Female,medium,Lokuuy
35,Quill Stormonth,35,Male,medium,Siumate
36,Dionis MacDuffie,15,Female,medium,Sanlidian
37,Raddy Ferrettini,26,Male,medium,Seattle
38,Thatch McIlenna,42,Male,medium,Xiehu
39,Rosemaria Baynon,26,Female,high,Janów
40,Mae Ransbury,70,Female,low,Andrijaševci
41,Matias Knocker,68,Male,high,Claresholm
42,Michell Speedin,36,Female,medium,Guangfu
43,Richard Dugan,61,Male,low,Tempel
44,Rosana Essex,61,Female,high,Linton
45,Sophia Durrans,57,Female,medium,Paris 11
46,Cherrita Gludor,32,Female,low,Duitama
47,Andres Bardill,59,Male,low,Shireet
48,Maribelle Heintze,53,Female,medium,Maputsoe
49,Tanny Haig,21,Male,high,Kilingi-Nõmme
50,Quincey Pykerman,62,Male,high,Ujungpangkah
51,Averyl Scarsbrick,18,Female,low,Kopen
52,Tressa Timson,68,Female,high,Villa Alemana
53,Adria Carthew,57,Female,medium,Brooklyn
54,Cate Beebee,22,Female,high,Bayanbulag
55,Garrek Barthram,36,Male,medium,Igrejinha
56,Alon Blais,35,Male,low,Saint Croix
57,Mariya Bortolotti,42,Female,low,Menggala
58,Tadd Fust,21,Male,low,Örebro
59,Jenni Agastina,52,Female,medium,Galutu
60,Philomena Esposito,48,Female,low,Knivsta
61,Pasquale Huggin,32,Male,high,Mizhuang
62,Earle Featenby,16,Male,high,Andalucía
63,Delmar Borgnet,58,Male,medium,Lanckorona
64,Heda Keeley,26,Female,medium,Bojszowy Nowe
65,Helge Harken,57,Female,medium,Man
66,Lamond Hazael,36,Male,low,Solina
67,Gretal Benedikt,53,Female,medium,Aripuanã
68,Phebe Grout,16,Female,high,Anyar
69,Aldous Winfindale,54,Male,high,Alta Gracia
70,Matthaeus Girodon,17,Male,low,Borlänge
71,Aldo Pulbrook,37,Male,high,Shakhty
72,Devlin Crutcher,69,Male,low,Shatalovo
73,Felicdad Beeckx,26,Female,high,São Mateus
74,Worthington Deftie,27,Male,high,Kangin
75,Fredrika Linnemann,62,Female,medium,Trompsburg
76,Eduard O'Driscoll,69,Male,medium,Lutou
77,Christopher Corley,19,Male,high,Kabūdarāhang
78,Stanleigh Jopke,37,Male,medium,Baraguá
79,Hendrika Totton,22,Female,medium,Chão
80,Raddy Keavy,45,Male,medium,Suocheng
81,Hermie Dyment,65,Male,high,Oklahoma City
82,Osgood Maddams,18,Male,medium,Itaqui
83,Dalenna Okenden,59,Female,high,Lashkar Gāh
84,Jameson Garritley,23,Male,low,Raszków
85,Courtenay Obey,15,Female,low,Lakatnik
86,Art Bruineman,66,Male,high,Antsohimbondrona
87,Markus Bergstram,65,Male,high,Chernigovka
88,Arlen Crofthwaite,26,Female,medium,Ochakovo-Matveyevskoye
89,Iorgos Isard,20,Male,high,Jaguaruana
90,Harry Shurrock,31,Male,high,Ximafang
91,Myrvyn Hairon,16,Male,medium,Węgierska Górka
92,Lesya Gallyhaock,47,Female,high,Cigenca
93,Arni Josephoff,40,Male,low,Tamanan
94,Conant Francom,34,Male,low,Lypnyazhka
95,Conroy Brideau,41,Male,high,Yangqiaodian
96,Paule Cardozo,63,Female,medium,João Alfredo
97,Charmaine Abazi,17,Female,high,Muzaffargarh
98,Alethea Bewfield,29,Female,high,Juarez
99,Hanny McIlhatton,39,Female,medium,Mzimba
100,Dav Drakers,55,Male,medium,Stratford
101,Edgardo De Castri,55,Male,medium,Listvyanka
102,Phelia Kornousek,35,Female,high,El Peñón
103,Joeann Murrthum,29,Female,low,Xinzhai
104,Fonsie Surman-Wells,18,Male,low,Gaotieling
105,Deena Sebring,64,Female,low,Sol’-Iletsk
106,Lucienne Stork,31,Female,medium,Pondokwungu
107,Marve Waistell,48,Male,high,Medina
108,Yasmeen Donwell,57,Female,high,Puerto Barrios
109,Gustavus Waplinton,60,Male,medium,Curanilahue
110,Eyde Menlove,47,Female,medium,Paris 13
111,Cassaundra Morcombe,17,Female,medium,Skelleftehamn
112,Guthrey Boynes,38,Male,low,Fuliang
113,Sarine Bamlett,18,Female,low,Hexia
114,Kingsley Burhouse,64,Male,high,Diadi
115,Dulci Leindecker,23,Female,low,Sendafa
116,Junie Topaz,42,Female,low,Newton
117,Phelia Frith,37,Female,high,Ganjun
118,Jules Doree,47,Male,high,Ostroměř
119,Kev Le Frank,59,Male,low,Sakata
120,Katerina Hawkin,26,Female,medium,Sandymount
121,Antonina Prettejohns,68,Female,low,Nubma
122,Lorine Waterhous,46,Female,medium,Kabakovo
123,Florri McCormick,46,Female,low,Buenavista
124,Wes Shepland,45,Male,high,Solkan
125,Cello Hysom,21,Male,low,Sączów
126,Finn Hazelby,44,Male,high,Turki
127,Cybill Hargroves,21,Female,low,Nantang
128,Barbee Bernhard,30,Female,high,Marshintsy
129,Barbee Schorah,57,Female,high,Arias
130,Ashlee Stute,41,Female,medium,Stepnogorsk
131,Leeann Behan,39,Female,low,Huangjindong
132,Ruttger Mullarkey,59,Male,medium,Cennan
133,Clair Hinksen,66,Male,high,Borovikha
134,Dorris Klyner,37,Female,medium,Savelugu
135,Tommy Umney,29,Female,low,Martakert
136,Veronika Hardwick,37,Female,low,Canomoy
137,Alicea Schober,38,Female,medium,Mendoza
138,Regina Melvin,17,Female,low,Berlín
139,Max Clothier,47,Male,low,Storozhnytsya
140,Ian Hartley,49,Male,medium,Stockholm
141,Marjie Giottini,33,Female,medium,Chợ Chu
142,Kelsey Kynforth,43,Female,medium,Le Mans
143,Vikky Bullier,35,Female,medium,Větřní
144,Eleanore Niblo,59,Female,low,Citeureup
145,Dominica Sawdon,54,Female,high,Sadananya
146,Daphne Sydes,67,Female,medium,Pniv
147,Keary McIlmurray,37,Male,high,Houping
148,Cinda Brokenbrow,69,Female,medium,Colonia Catuete
149,Udale Swalteridge,40,Male,high,Digos
150,Jorry D'Emanuele,15,Female,high,Simitli
151,Camellia Todeo,21,Female,medium,Novokubansk
152,Erika Shatliffe,40,Female,medium,Dos Quebradas
153,Nolan Van Arsdalen,21,Male,high,Phú Vang
154,Twila Janes,29,Female,medium,Chivilcoy
155,Gothart Blockey,70,Male,low,Sasa
156,Jesselyn Bennough,62,Female,medium,Pobé
157,Emmy Fewlass,68,Female,medium,Yurimaguas
158,Barret Eglaise,29,Male,medium,Camargo
159,Haroun Gowler,25,Male,low,Canguaretama
160,Brandtr Andries,39,Male,high,Hezhai
161,Axe Aloshikin,18,Male,medium,Gandrungmangu
162,Sutherlan Suddaby,31,Male,high,Oguta
163,Demetri Bohey,22,Male,low,Xindian
164,Clemmy Laborde,52,Male,medium,Khotynets
165,Shirleen Niece,55,Female,high,Gandorhun
166,Nora Yakuntzov,49,Female,high,Talitsy
167,Aubrey Huskinson,62,Male,high,Tawali
168,Aguste Manterfield,68,Male,medium,Tarrafal
169,Moe Sor,63,Male,low,Spétses
170,Seth Killelay,36,Male,low,Krasnoye
171,Chiquita Cayley,15,Female,medium,Larangan
172,Wilona Clapperton,39,Female,high,Mantang
173,Natasha Gamell,15,Female,low,Aţ Ţīrah
174,Larissa Fradson,63,Female,high,Sonorejo
175,Giffie Caen,18,Male,low,Mawlamyine
176,Brendin Hazeup,18,Male,high,Veguitas
177,Christiane Haugg,56,Female,high,Itumbiara
178,Catha Woodard,37,Female,medium,Cayur
179,Godart Frigot,32,Male,low,Razgrad
180,Jeniece Narramore,64,Female,medium,Kulautuva
181,Wilbert Dutson,24,Male,low,Tungao
182,Emmett Nendick,36,Male,medium,Lom Sak
183,Maximilianus Lowle,37,Male,high,Skolkovo
184,Esme Bathowe,41,Female,low,Sjöbo
185,Thorvald Griffoen,30,Male,high,Stockholm
186,Elton Fancourt,70,Male,medium,Chezhan
187,Gilemette Waudby,15,Female,high,San José Poaquil
188,Aldo Jizhaki,29,Male,low,Zhuxi
189,Timmy Marusic,65,Female,low,Bayt Qād
190,Keefe Wilshin,33,Male,high,Ignacio Zaragoza
191,Trenton Glison,46,Male,medium,Kthella e Epërme
192,Quintus Blincko,17,Male,low,Alfonso
193,Kendricks Whitley,17,Male,medium,Jiazi
194,Kai Gorch,32,Female,medium,Maymana
195,Alida Rizziello,68,Female,low,Sundsvall
196,Tommy Melbourne,63,Female,high,Lomé
197,Leshia Bryden,44,Female,medium,Gaoqiao
198,Tamas Morican,30,Male,high,Cortes
199,Carola Roskruge,69,Female,low,Orós
200,Ugo Osbaldstone,27,Male,low,Niyang
201,Briano Pourvoieur,30,Male,high,Seremban
202,Zitella Howell,16,Female,low,Qiling
203,Gustavus Yeo,51,Male,medium,Kharp
204,Drusi Casillis,20,Female,low,Manikchari
205,Wilburt Bramer,65,Male,high,Arvika
206,Far Shottin,25,Male,low,Cruz de los Milagros
207,Denys Norgan,31,Male,medium,Shancheng
208,Stern Lugsdin,54,Male,medium,Dianya
209,Judie De Witt,23,Female,high,Funga
210,Marissa Breinlein,27,Female,low,Nghĩa Hành
211,Cletus Petruska,39,Male,high,Oekuu
212,Sawyer Yakolev,42,Male,high,Maceda
213,Rod Harder,33,Male,low,Berezayka
214,Russ Glidder,67,Male,medium,Şūr
215,Kyle Farlow,56,Female,high,Shihua
216,Garold Gartan,28,Male,low,Wiyayu Barat
217,Dredi Jelkes,39,Female,medium,Ete
218,Finlay Caudrelier,63,Male,medium,Ludbreg
219,Henriette Clarage,59,Female,low,Cibuah
220,Merrel Goldstein,45,Male,high,Guangsheng
221,Nadine Musicka,38,Female,low,Lalībela
222,Seth Spawton,39,Male,low,Yuty
223,Mercie Fane,48,Female,medium,Mosty
224,Valentina Dangerfield,16,Female,medium,Inhambane
225,Maren Twiname,26,Female,medium,Tuanjie
226,Joete Kilminster,36,Female,low,Outjo
227,Talbot Dimmick,65,Male,high,Jäppilä
228,Lani Wellum,35,Female,high,Pontal
229,Sherlock Middlewick,52,Male,low,Ponyri Vtoryye
230,Tuck Scaplehorn,51,Male,medium,Zhentou
231,Selestina Goodchild,69,Female,high,Xinhua
232,Pearce Licciardello,28,Male,low,Afikpo
233,Ole Wash,15,Male,medium,Mölndal
234,Cordie Gateley,42,Male,low,Xiaomenjia
235,Catlee Gowland,27,Female,medium,Xiaoqi
236,Mahmoud Ianelli,55,Male,high,Vendargues
237,Dominique Jakes,37,Female,high,Caen
238,Ewan Lumby,27,Male,high,Loja
239,Mimi Eads,66,Female,low,Madang
240,Nevile Saunton,53,Male,medium,Gunjur
241,Lanie Silver,46,Male,low,Koszęcin
242,Vasilis Cleworth,48,Male,high,Sampacho
243,Anthe Boyett,36,Female,medium,Aix-en-Provence
244,Aharon Mattheus,28,Male,high,Vynohradove
245,Wendeline Jzhakov,52,Female,medium,Oujda
246,Ettie Thredder,55,Female,medium,Décines-Charpieu
247,Phelia Scholefield,21,Female,medium,Algarrobo
248,Moreen Temby,23,Female,medium,Kuanfeu
249,Yuri Hoolaghan,58,Male,low,Cikupa
250,Helga Breitling,52,Female,medium,Coquitlam
251,Laurent Yeomans,26,Male,low,Nīshābūr
252,Xever Eastcourt,23,Male,high,Jinjia
253,Pryce Bills,60,Male,medium,Shinkafe
254,Mitzi Braime,19,Female,medium,Rūdiškės
255,Eustace Romer,59,Male,medium,Nantes
256,Samuel Forestel,18,Male,low,Garland
257,Tarrah Tomsen,23,Female,medium,Courtaboeuf
258,Ethelbert Kiddie,40,Male,medium,Rencun
259,Violetta Winterbotham,52,Female,medium,Jurangjero
260,Catherina Hallawell,22,Female,medium,Burns Lake
261,Inglis Tilsley,24,Male,high,Uzunovo
262,Alard Vandenhoff,46,Male,high,Ituzaingó
263,Tomas Sawbridge,64,Male,medium,Changlong
264,Ardis Gitsham,70,Female,low,Horred
265,Fulvia Cauthra,24,Female,low,Al Jawādīyah
266,Corissa Garken,57,Female,low,Santa Marta de Penaguião
267,Eydie Lynagh,55,Female,low,Rafaḩ
268,Cornall Coolahan,41,Male,low,Sevlievo
269,Elvira Schimpke,36,Female,high,Naushahro Fīroz
270,Karalynn Pedroli,26,Female,high,Pelópion
271,Dru Kealy,65,Male,high,Kivijärvi
272,Brennen Petkens,60,Male,low,Riit
273,Joannes Mallya,26,Female,high,Shakhun’ya
274,Kessiah Deeley,65,Female,high,Arranhó
275,Beck Lezemere,18,Male,low,Tabira
276,Richart Vanyarkin,46,Male,high,Almenara
277,Charley Hurndall,64,Male,medium,Phu Sang
278,Erhart Sames,36,Male,medium,Ajoyani
279,Eva Grout,43,Female,medium,Izingolweni
280,Chancey Biggerdike,27,Male,high,Saint-Jean-de-Védas
281,Kylen Seifert,48,Female,medium,Sukorejo
282,Nikolai Keemar,27,Male,medium,Urbano Noris
283,Kristopher Tolmie,16,Male,medium,Monte Plata
284,Tova Gasticke,18,Female,high,Leskovec pri Krškem
285,Carey McGillecole,55,Female,medium,Borås
286,Deanna Palmar,46,Female,low,Uralets
287,Felicio Baraja,34,Male,medium,Kabin Buri
288,Laura Lyste,59,Female,medium,Santa Cruz
289,Taylor Piken,69,Male,high,Casal
290,Gerik Whitefoot,64,Male,low,Jhingergācha
291,Karim Duggen,43,Male,low,Santa Cruz
292,Peggy Piggrem,20,Female,high,Los Angeles
293,Cori Vyse,50,Male,medium,Lingbeizhou
294,Goran Petrillo,19,Male,high,Novaya Lyalya
295,Terry Doche,45,Female,medium,Sangari
296,Kelsy Kyneton,64,Female,high,Mito-shi
297,Lucine Slatcher,27,Female,high,Capioví
298,Janice Gonning,32,Female,low,Teófilo Otoni
299,Ella Leahair,39,Female,low,Sezemice
300,Gifford Litchfield,44,Male,high,Kakamas
301,Arron Dakin,51,Male,high,Sremska Mitrovica
302,Ludovico Boult,47,Male,high,Caçador
303,Molli Tripet,66,Female,medium,President Roxas
304,Obediah Alenichicov,65,Male,high,Bambor
305,Faun Fearnall,61,Female,high,La Escondida
306,Emelia Orleton,18,Female,low,Valsamáta
307,Fedora McWaters,57,Female,medium,Hongtu
308,Freddie Curado,63,Male,low,Pariti
309,Wes Harbage,17,Male,medium,El Ingenio
310,Neile Racher,66,Female,low,Cimara
311,Cedric Harvatt,70,Male,low,Huangsha
312,Spence Greenhaugh,51,Male,high,Pégeia
313,Wald Woodland,27,Male,medium,Rafael Hernandez Ochoa
314,Rosette Rounds,57,Female,high,Bodø
315,Salomone Nation,40,Male,high,Angered
316,Arlinda Weinmann,60,Female,low,Huntsville
317,Humfried Coady,54,Male,medium,Ralung
318,Catie Steckings,43,Female,low,San Jose
319,Mort Connikie,68,Male,medium,Jiuchi
320,Yasmin Beckett,20,Female,high,Wudil
321,Bartlet Cusworth,19,Male,medium,Datangzhuang
322,Derby Goalley,36,Male,medium,Kungsbacka
323,Arlyn Domino,50,Female,high,Huaxijie
324,Shannen Lamberth,25,Female,low,Zherdevka
325,Gal Panyer,61,Male,low,San Francisco
326,Brocky Cockle,58,Male,medium,Huacapampa
327,Dimitry Gronw,49,Male,medium,Dafengdui
328,Thadeus Luff,50,Male,low,Póvoa do Valado
329,Arda Gurnell,67,Female,high,Guanajay
330,Catherine Pomeroy,22,Female,medium,Hongqiao
331,Eb McSporrin,53,Male,high,Maple Ridge
332,Padget Bogue,65,Male,medium,Cherryville
333,Toby Siggery,44,Male,low,Samran
334,Xylina Labroue,66,Female,high,Balete
335,Kaine Rabbet,63,Male,medium,Olho Marinho
336,Randall Sesons,28,Male,low,Novoanninskiy
337,Maura Shelford,21,Female,medium,Solnechnyy
338,Dino Lucus,38,Male,high,Sambongmulyo
339,Erv Attlee,53,Male,low,Labelle
340,Lenka Spelwood,69,Female,medium,Candi Prambanan
341,Hy Blackly,24,Male,high,Jimsar
342,Romy Neeson,27,Female,low,Roshal’
343,Tierney Carleman,23,Female,low,Zhujiatai
344,Esdras Robeiro,25,Male,high,Hannover
345,Fitz Lindborg,36,Male,low,Järfälla
346,Kara-lynn Wahlberg,64,Female,high,Taiping
347,Brannon Thurman,61,Male,medium,Stockholm
348,Lonna Janes,65,Female,high,Zhvanets
349,Nowell Lemme,17,Male,medium,Yushan
350,Jamison Durnall,33,Male,low,Funchal
351,Merissa Gullefant,15,Female,high,Zákynthos
352,Elbert Pelcheur,16,Male,medium,Xinchengzi
353,Kelley Holwell,15,Female,medium,Portelândia
354,Royce Kittles,63,Male,low,Tamorot
355,Josefina Saunt,62,Female,medium,Montaneza
356,Reinwald Coling,18,Male,medium,Fenkeng
357,Olin Longhi,47,Male,high,Zhavoronki
358,Cissiee Eathorne,25,Female,medium,Trondheim
359,Gussy Marmyon,25,Female,medium,Cibunut
360,Joli De Bell,32,Female,low,Puerto Madryn
361,Hedvig Riggey,45,Female,medium,Pargas
362,Melicent Marusic,50,Female,medium,Kolondiéba
363,Briano Ventura,57,Male,medium,Makiwalo
364,Kay Borzoni,37,Female,medium,Lodwar
365,Gherardo Lightbody,60,Male,high,Shimen
366,Zabrina Bernollet,45,Female,high,Wudian
367,Germayne Cornewall,32,Male,low,Fucun
368,Boris Carlett,22,Male,medium,Linmansangan
369,My Skiplorne,34,Male,medium,Habartov
370,Dugald Scotchmer,26,Male,low,Narsaq
371,Lee Drewes,28,Female,low,Khulm
372,Juliette Hartburn,56,Female,low,Mendez-Nuñez
373,Malissia Jakoubec,34,Female,medium,Alofi
374,Aymer Soot,32,Male,low,Naranjos
375,Berthe Kleynermans,29,Female,medium,Toužim
376,Beatriz Yuille,67,Female,low,Sandakan
377,Sofia Tomczykowski,67,Female,high,Ryazanskiy
378,Roarke Scrane,32,Male,low,Vila Nova de Santo André
379,Earlie Depper,19,Male,low,Bantilan
380,Debby Shear,64,Female,medium,Alderetes
381,Murdoch Castiglioni,48,Male,medium,Gayam
382,Ashil Denacamp,49,Female,low,Vertientes
383,Delcine Fellows,37,Female,low,Koło
384,Annnora Guerin,35,Female,high,Sylvan Lake
385,Charmane Yeulet,18,Female,low,Castelo
386,Rhodie Killock,33,Female,medium,Xaçmaz
387,Nefen Swinfon,50,Male,medium,Boavista
388,Lilah Hegarty,27,Female,low,Czerniewice
389,Arri Gamage,60,Male,low,Best
390,Melania Riordan,58,Female,low,El Jícaro
391,Pippo Moncrieffe,41,Male,high,Vavuniya
392,Gwenora Theakston,69,Female,high,Yangshufang
393,Hurlee Kersaw,44,Male,low,São Miguel do Iguaçu
394,Gabbey Alves,49,Female,high,Pedro Sánchez
395,Alla Fendley,25,Female,medium,Viseu
396,Amity Chaloner,54,Female,low,Pilang
397,Rafferty Arendt,44,Male,medium,Nurlat
398,Olivero Georg,58,Male,high,Luoshe
399,Biddy Roman,27,Female,high,Stamboliyski
400,Fraser Mauditt,60,Male,high,Buenaventura
401,Bernetta Cast,22,Female,medium,Huangyuan Chengguanzhen
402,Rodolph Pilmore,21,Male,high,Arnhem
403,Stanislaw Boys,54,Male,high,Bel Air Rivière Sèche
404,Shay Portlock,40,Female,medium,Nakkila
405,Brittney Belshaw,42,Female,low,Hongqiao
406,Fred Shankle,63,Male,low,Umingan
407,Kristofer Haskur,50,Male,low,Sablé-sur-Sarthe
408,Darcy Tosdevin,61,Female,high,Pingle
409,Brinn Marikhin,56,Female,low,Ivanovo-Alekseyevka
410,Granger Fozzard,28,Male,medium,Sunduan
411,Horace Logsdale,44,Male,low,Niños Heroes
412,Rube Henkmann,69,Male,high,Honghai
413,Joelie Hakey,58,Female,high,Железный порт
414,Ryley Gudahy,53,Male,medium,Brodnica
415,Emlyn Mussared,26,Male,medium,Voloka
416,Cash Runnicles,32,Male,high,Lijiazui
417,Matilda Duncanson,63,Female,low,Tampekan
418,Gilbert Olle,50,Male,low,Sumberagung
419,Gwenneth Earwaker,57,Female,medium,Drawno
420,Rhys Crevy,70,Male,medium,Henglishan
421,Elaine Thamelt,35,Female,medium,Mashizhai
422,Melony Dobie,24,Female,high,Yijing
423,Claudine Gook,36,Female,high,Miranda
424,Kara-lynn Spykins,58,Female,low,Mulyoagung
425,Aube Renard,70,Male,high,Bobrov
426,Dyna Tregoning,55,Female,low,Dongsheng
427,Timi Santi,26,Female,medium,Uritsk
428,Alonzo Holsey,26,Male,low,Laraos
429,Kingston Abad,53,Male,medium,Youhao
430,Husein Vigneron,19,Male,high,San Diego
431,Geoffry Mulholland,20,Male,medium,Sentul
432,Rosita McBrearty,35,Female,medium,Ungaran
433,Audy Cridlan,43,Female,high,Rattanaburi
434,Vaughan Tanby,34,Male,medium,Xiongbei
435,Selena Bellee,44,Female,high,Kuma
436,Julienne Penbarthy,27,Female,high,Lianzhou
437,Julienne MacEllen,19,Female,high,Gedian
438,Bee Colbron,52,Female,high,Bokoro
439,Brade Crowche,67,Male,low,Energeticheskiy
440,Dorian Kivelhan,56,Male,low,Monastir
441,Lonnie Philpin,47,Male,low,Ishikari
442,Tabitha Pellew,45,Female,low,Guxian
443,Joanne Seson,54,Female,high,Brochów
444,Tomasina Fairfoull,31,Female,medium,Sérifos
445,Carling Snowsill,20,Male,low,Tierp
446,Tanhya Jodrelle,41,Female,low,Postupice
447,Kip Smalls,43,Female,low,Estevan
448,Kain Berceros,26,Male,medium,Buchlovice
449,Almeda Ricardon,45,Female,low,Ovruch
450,Cherlyn Sofe,18,Female,high,Lloydminster
451,Gran Bonwell,64,Male,high,Huangzhai
452,Bonnee Gorusso,17,Female,low,Yang Chum Noi
453,Marna Meriguet,30,Female,low,Águas
454,Tulley Lascelles,27,Male,medium,Yang Chum Noi
455,Dur Sharp,21,Male,medium,Manoel Urbano
456,Rudolfo Cullinan,48,Male,high,Salt Lake City
457,Saba Durning,49,Female,high,Chengbei
458,Wernher Wellen,43,Male,high,Drybin
459,Chloe Dorin,42,Female,high,Xundian
460,Clio Chillistone,38,Female,low,Koronadal
461,Shepperd Brehaut,61,Male,medium,Taiping
462,Anett Jacquest,28,Female,high,Tizgane
463,Rowena Preddy,61,Female,low,Riung
464,Olivier St Ledger,52,Male,high,Spuž
465,Carlynn Mulcock,53,Female,medium,Gorgān
466,Malvina Beaufoy,49,Female,high,Baturyn
467,Hephzibah Simyson,38,Female,high,Longquan
468,Lon Cullingworth,53,Male,low,Huayang
469,Euphemia Thurlborn,50,Female,medium,Takeshiken
470,Ernesta Craney,57,Female,low,Quankou
471,Rosaleen Mayler,45,Female,medium,Mazkeret Batya
472,Vonni Hounsome,30,Female,low,Deskáti
473,Raphaela Bartlomieczak,57,Female,high,João Pessoa
474,Krishna Leather,27,Male,high,Khotynets
475,Warden Mertel,70,Male,high,Kasungu
476,Harriett Paddie,26,Female,low,Cát Bà
477,Celisse Janovsky,15,Female,high,Haikoudajie
478,Hadria O'Currane,28,Female,low,Himeville
479,Fedora Perritt,64,Female,high,Chartres
480,Riccardo Bertin,15,Male,high,Uk
481,Levy Harbisher,70,Male,low,Wedangtemu
482,Rhea Dunbar,64,Female,medium,Sandnes
483,Cullen Ivanyushin,28,Male,high,Keleleng
484,Candie Dawnay,51,Female,high,Ballyhaunis
485,Elsa Druett,45,Female,high,Ede
486,Konstantine Hebbard,31,Male,high,Oliver
487,Lazare Allaway,30,Male,low,Chã
488,Ax Golds,60,Male,low,Barkly East
489,Jammie Mengo,33,Female,medium,Sampangbitung
490,Anstice Sandell,35,Female,medium,Outeirô
491,Sissie Spelman,23,Female,low,Stanisław Górny
492,Ferdy Dyball,68,Male,medium,Ciawitali
493,Lauretta O'Corren,65,Female,low,Naberezhnyye Chelny
494,Sanders Camelli,31,Male,low,Cuenca
495,Morgan Baudinelli,19,Female,low,Tuatuka
496,Tildi Bracci,29,Female,low,Zhouzhuang
497,Whit Cherrington,68,Male,high,Batou
498,Corbin Klassman,37,Male,high,Shiraoi
499,Gunther Rannigan,67,Male,high,Sol’tsy
500,Kameko Swinerd,16,Female,low,Kotovo
501,Millicent Brandin,24,Female,high,Ibusuki
502,Brad Hallows,50,Male,high,Aghavnatun
503,Lodovico Coare,34,Male,low,Bayt ‘Awwā
504,Luke Fransseni,65,Male,low,Turar Ryskulov
505,Farley Limeburner,64,Male,high,Jinhu
506,Jorgan Sleightholme,54,Male,high,Zhireken
507,Gaylor Meardon,43,Male,low,Ouésso
508,Stefania Gurley,24,Female,high,Wates
509,Luella Clapshaw,60,Female,medium,Pitalito
510,Almira Baldinotti,70,Female,medium,Plumbon
511,Joshua Enston,54,Male,high,Oslo
512,Tate Deery,17,Female,high,Bojonggenteng
513,Brendin Fetherby,37,Male,medium,Codó
514,Raychel Milby,17,Female,low,Guangdu
515,Kin Bausor,68,Male,high,Xingou
516,Kincaid Firle,33,Male,high,Donghoufang
517,Terrijo Sarjeant,19,Female,medium,Grand Sable
518,Ange Oventon,68,Female,high,Dajie
519,Lane Tuite,23,Male,high,Baizhu
520,Jeffy Quilligan,40,Male,low,Buni Yadi
521,Orv Imeson,33,Male,high,Xiaochuan
522,Elset O'Sherin,66,Female,low,Nizhniy Chir
523,Tedd Southgate,62,Male,medium,Alès
524,Ted Garlant,24,Female,high,Guanqing
525,Mortie Beevis,25,Male,high,Las Vegas
526,Christos Claughton,31,Male,low,Bartsrashen
527,Thomasin Tabour,69,Female,medium,Navegantes
528,Marika Cunah,17,Female,high,Đà Bắc
529,Molli Lewens,65,Female,low,Puračić
530,Griselda Issacson,50,Female,medium,San Carlos
531,Allyce Mazonowicz,42,Female,low,El Ocotón
532,Cullie Spurier,55,Male,medium,West Palm Beach
533,Lemmy Fulop,43,Male,high,Bilje
534,Verney Gooddy,19,Male,high,Taoling
535,Josy Miklem,43,Female,low,Tuluá
536,Frederic Klimmek,30,Male,medium,Nieuw Nickerie
537,Nola Lodford,41,Female,high,Malabang
538,Sosanna Mayes,68,Female,low,Miaoqian
539,Sianna Simpkiss,51,Female,low,Ambulong
540,Griffith Neill,37,Male,medium,Hayes
541,Arne Banville,56,Male,low,Pyšely
542,Elyssa Olekhov,40,Female,high,Pueblo Nuevo
543,Ulberto Dench,33,Male,high,Vũ Thư
544,Erl Parrot,23,Male,high,Tours
545,Catina Santore,46,Female,low,Sabang
546,Hobie Kippen,40,Male,medium,Sangojar
547,Maribeth Hazel,50,Female,low,Sutton
548,Sashenka Leonard,55,Female,medium,Itagibá
549,Karel Grahl,16,Male,medium,Pederneiras
550,Garwood Addlestone,54,Male,high,Khong
551,Lorant Cristou,47,Male,high,Stockholm
552,Jdavie Gaddas,68,Male,medium,Ōkuchi
553,Coleen Normanvill,32,Female,high,Oslo
554,Eduard Andrault,38,Male,medium,El Paraíso
555,Brandy Mallindine,33,Female,low,Pinglumiao
556,Skippy Neller,38,Male,low,Guazhou
557,Onfroi Mavin,36,Male,low,Kirkland
558,Winna Sweed,16,Female,high,Pangushan
559,Gwendolin Pridmore,26,Female,high,Charlotte
560,Elenore Eddis,66,Female,high,Jiquinlaca
561,Bridgette Karoly,35,Female,medium,Netolice
562,Mord Rehme,40,Male,medium,Barnaul
563,Celie Gyrgorwicx,46,Female,medium,Qiaoyi
564,Marge Yter,64,Female,high,Ash Shaḩānīyah
565,Berget Bertwistle,38,Female,medium,Non Sila
566,Ros Rosencrantz,31,Female,medium,Nizhniy Bestyakh
567,Millisent De Ortega,50,Female,low,Quzi
568,Sophia Taverner,39,Female,high,Skolkovo
569,Yanaton Opfer,19,Male,high,Lijiapu
570,Margarita Theriot,17,Female,low,Bela Vista
571,Druci Ibbett,53,Female,medium,Belozërsk
572,Leigh Buckwell,44,Male,high,Tongchuan
573,Forrester Piner,64,Male,high,Dolinsk
574,Tanny Andren,37,Male,low,Ma‘bar
575,Worden Machent,47,Male,high,Chicama
576,Bev Marzelle,64,Male,low,Houjiagang
577,Corney Longhirst,28,Male,low,Engure
578,Pansie Canland,30,Female,low,Nouaseur
579,Curcio Harring,70,Male,high,Qīr Moāv
580,Berty Bruty,58,Female,high,Khŭjand
581,Karlotte Emsden,68,Female,high,Ad Dawḩah
582,Vanya Tomas,48,Male,high,Kuala Lumpur
583,Ruthe Jutson,19,Female,high,Domaniewice
584,Chantal Timmes,30,Female,low,Qingqu
585,Harman Di Filippo,52,Male,medium,Kargowa
586,Enid Cowsby,33,Female,low,Ferdinandovac
587,Boyce Leng,30,Male,high,Bralin
588,Portie Colville,27,Male,low,Río Colorado
589,Saraann Izhaky,29,Female,medium,Darya Boyi
590,Goraud Faunt,32,Male,high,Centar Župa
591,Fern Whiscard,29,Female,medium,Novyy Nekouz
592,Elia Scawen,68,Male,high,Balykchy
593,Reynard Tidridge,49,Male,high,Çepan
594,Gayle Cheal,59,Male,low,Yuhuangding
595,Kathryne Harbert,41,Female,medium,Yumbo
596,Chan Muttock,19,Male,medium,Komletinci
597,Roderigo Sisse,15,Male,high,Aguilares
598,Doretta Ewan,55,Female,medium,Bouca
599,Donovan Wardlow,41,Male,medium,General Santos
600,Marrissa Rodger,56,Female,high,Polen
601,Lucie Glew,21,Female,low,Guinobatan
602,Farly Sor,30,Male,medium,Xingtai
603,George Walduck,26,Female,low,Clanwilliam
604,Kessia M'Quhan,38,Female,low,Toulouse
605,Tonie Anthoine,57,Female,low,Roma
606,Albert Andrus,49,Male,medium,Arroyo Seco
607,Shaylyn Parkman,50,Female,high,Cerro Colorado
608,Shaughn McDool,70,Male,medium,Jinfeng
609,Nari Giraudel,63,Female,low,Xinji
610,Mavis Freake,36,Female,low,Katsina-Ala
611,Keene Stathor,19,Male,medium,Aranguren
612,Baryram Luthwood,20,Male,high,Kamiennik
613,Erik Maving,26,Male,high,Yasenevo
614,Roselle Buzzing,22,Female,high,Meukek
615,Olivier Dyott,59,Male,high,Wangchuanchang
616,Megen Ahlf,63,Female,low,Magaozhuang
617,Florie Aspinall,44,Female,low,Yaozhanzi
618,Ivy Ibbetson,19,Female,medium,Washington
619,Phillipp Golagley,28,Male,low,Stavanger
620,Amil Gavey,63,Female,low,Kalajoki
621,Laurene Trippick,44,Female,high,Konstantinovo
622,Yolande Wessell,15,Female,high,Pereira
623,Bertie Blockey,69,Female,low,Jiaotan
624,Mathilda Anton,61,Female,high,Villa Hayes
625,Ronny Waldron,43,Female,high,Portelinha
626,Madlen Hauxby,22,Female,medium,Delft
627,Rosaline Wicks,68,Female,low,Al Jumūm
628,Nickie Moncreif,35,Male,low,Feng’an
629,Kristofer Tante,69,Male,low,Basiong
630,Valentine Cansdall,59,Female,low,Panzhou
631,Elvira Colman,29,Female,medium,Fatou
632,Quent Renol,40,Male,medium,Qiman
633,Jamal Brentnall,51,Male,medium,Fort Worth
634,Josh Burland,52,Male,high,Karangturi
635,Roslyn Woolf,45,Female,medium,Höshööt
636,Pacorro Okenfold,24,Male,high,Pakis
637,Florian McArdle,38,Male,high,Grazhdanka
638,Akim Wimlett,67,Male,low,Renchaoxi
639,Vlad Cadding,26,Male,high,Nagareyama
640,Isaiah Allbones,49,Male,medium,Sandaowan
641,Siana Troyes,66,Female,high,Grybów
642,Desdemona Chinnock,32,Female,low,El Corozal
643,Corby Moses,15,Male,high,Abdurahmoni Jomí
644,Reinald Brumfield,46,Male,medium,Chapelton
645,Randolph Mc Andrew,22,Male,medium,Nová Paka
646,Randall Kelwaybamber,36,Male,high,Mariefred
647,Albertina Primrose,30,Female,medium,Montigny-lès-Metz
648,Micky Anelay,49,Male,low,Rio do Sul
649,Vannie Baldrick,43,Female,high,Siedlce
650,Wendell Burtenshaw,38,Male,medium,Al Qāmishlī
651,Bertha Kliesl,23,Female,low,Sanxiang
652,Aylmer Terron,19,Male,high,Neyrīz
653,Kippie Rissen,60,Female,medium,Velille
654,Thelma Freak,69,Female,high,Além
655,Afton Tivenan,51,Female,medium,Tsyelyakhany
656,Jeanine Roebuck,31,Female,low,El Regalo
657,Sigrid Estable,65,Female,high,Yaroslavl
658,Lombard Bygreaves,19,Male,high,Laúndos
659,Cristabel Peller,26,Female,low,Buyunshan
660,Gardner Mallya,65,Male,low,Leuwihalang
661,Estele Thaxter,57,Female,low,Arteni
662,Hatty Wheaton,20,Female,low,Akita
663,Enrico Caven,32,Male,low,Yixing
664,Yolande Sugars,21,Female,low,Atolina
665,Danie Wonham,67,Male,high,Novyy Svit
666,Turner Windus,29,Male,medium,Gostivar
667,Grayce Meak,18,Female,medium,Las Tejerías
668,Darbee Kayley,63,Male,low,Burmakino
669,Elias Clayfield,49,Male,medium,Danbury
670,Glenn Litt,29,Male,high,Pasirmadang
671,Crin Raggatt,42,Female,high,Usogorsk
672,Lancelot MacCaffrey,15,Male,low,Bilajari
673,Davin Scad,65,Male,high,Čelopek
674,Tersina Arbuckel,39,Female,high,Xindeng
675,Petey Sankey,53,Male,medium,Voyskovitsy
676,Marion Seldner,31,Female,high,Gradići
677,Albertina Antat,56,Female,high,Dzvinogrud
678,Martelle Woolaghan,34,Female,high,Pontarlier
679,Elene Morena,70,Female,high,Ararat
680,Kenna Twentyman,68,Female,low,Chengnan
681,Giralda Farragher,23,Female,low,Qingshui
682,Chelsea Boij,19,Female,low,Zagreb - Centar
683,Sacha Gillebert,59,Female,high,Plácido de Castro
684,Bunni Balentyne,43,Female,low,Shanhe
685,Nanice Easdon,64,Female,medium,Sophia Antipolis
686,Corly Vernham,34,Female,low,Lišov
687,Curr Barrick,20,Male,medium,Västerås
688,Daloris Sprulls,48,Female,low,Robatal
689,Englebert Runnett,28,Male,low,Osnabrück
690,Carleen Hamshere,67,Female,low,Messíni
691,Brenden Crilley,27,Male,low,Baofeng
692,Amabel Seczyk,28,Female,medium,Sungaimaja
693,Bianca Peyro,47,Female,medium,Gedongmulyo
694,Barthel Gunderson,54,Male,high,Roubaix
695,Devlen Llewellyn,18,Male,high,San Miguel Chicaj
696,Lind Lilywhite,57,Female,high,Kalijeruk
697,Rudd Cooch,31,Male,high,Hekou
698,Cesaro Pischel,33,Male,high,Colquemarca
699,Kala Jencey,51,Female,medium,Obesi
700,Gussy Inkin,64,Female,medium,Kostomuksha
701,Benedicto Scully,54,Male,high,Krajan
702,Joanie Bollam,66,Female,high,Símantra
703,Chelsey Sebastian,59,Female,low,Makata
704,Heinrick Iglesia,25,Male,medium,Sambilawang
705,Bibbie Girdlestone,38,Female,low,Hamburg
706,Gerladina McWaters,56,Female,high,Atlantis
707,Caz Malloch,66,Male,medium,Matamey
708,Thornie Laimable,36,Male,medium,Balekambang
709,Rollo MacAnulty,22,Male,high,Jiudu
710,Alfredo MacMychem,50,Male,medium,Olenyok
711,Bary Schubuser,61,Male,high,Satu Nou
712,Dominik Bayldon,41,Male,low,Il’ka
713,Tedie Iveson,60,Male,high,Karátoulas
714,Woody Tiddy,47,Male,high,Ivanteyevka
715,Isac Hanvey,68,Male,high,Triandría
716,Ginnifer Gaughan,52,Female,high,Nagano-shi
717,Godfrey Antcliff,63,Male,low,Šluknov
718,Isac Fullman,64,Male,high,Zhanping
719,Trev Spencook,28,Male,high,Tampere
720,Helene MacCorley,46,Female,high,Sijiqing
721,Marlee Gummoe,55,Female,medium,Paltashaco
722,Gay Thuillier,19,Male,low,Nora
723,Dud Shrawley,65,Male,low,Lankaran
724,Alix McIlvaney,64,Male,high,Zhaobei
725,Eugen Garrat,44,Male,low,Konggar
726,Alissa Hidderley,58,Female,high,New York City
727,Edith Wessell,36,Female,low,Chengzhai
728,Carin Dametti,29,Female,medium,Mulong
729,Lorri O' Donohoe,60,Female,high,Darovskoy
730,Emmeline Jacobssen,63,Female,high,Paris 16
731,Pepillo Cockburn,19,Male,high,Parintins
732,Aldon Richardot,35,Male,high,Jun’an
733,Jeremiah Fisbey,29,Male,low,Tarrafal de São Nicolau
734,Josias Roser,52,Male,medium,Limache
735,Adolpho Haysman,47,Male,high,Emplak
736,Adriane Bediss,31,Female,medium,Tancheng
737,Gabey Ubank,65,Female,medium,Le Mans
738,Margot Hewes,18,Female,low,Lengkongsari
739,Kacy Ruseworth,65,Female,high,Huangmao
740,Dani Mitham,65,Male,low,La Garde
741,Evelyn Marie,43,Female,high,Del Rosario
742,Hildegarde Frayn,67,Female,low,Tapado
743,Gaby Decort,29,Male,low,Dalinhe
744,Lila McCay,31,Female,medium,Artemisa
745,Alford Grelka,26,Male,medium,New York City
746,Bernadina Beagin,23,Female,high,Bryukhovetskaya
747,Constancy Noon,30,Female,low,Longqiao
748,Hermon Boundey,21,Male,high,Mthatha
749,Mario Tall,58,Male,high,Santa Eulalia
750,Bili Mullan,47,Female,high,Hulan
751,Travis Southby,31,Male,medium,Elekmonar
752,Granny Mussettini,51,Male,medium,Siheyuan
753,Bret Dorrian,43,Male,high,Paamiut
754,Gerri Grassot,21,Male,low,La Victoria
755,Gavan Fevers,15,Male,high,Wien
756,Ruddie Cloake,32,Male,low,Khalopyenichy
757,Donielle Bardill,45,Female,high,Anticala
758,Consalve Moodie,34,Male,high,Rijswijk
759,Huberto Boal,31,Male,low,Athens
760,Javier McTeer,32,Male,high,Murcia
761,Aaren Shucksmith,35,Female,high,La Gomera
762,Nona Orkney,70,Female,high,Stockholm
763,Jorgan Tourry,68,Male,medium,Bailu
764,Maxy Curtayne,29,Male,high,Jinchuan
765,Maurene Sunman,67,Female,medium,Sakerta Timur
766,Cesya Trustrie,35,Female,high,Daqiao
767,Jaymee Ivanikhin,50,Female,low,Madimba
768,Wilmette Harly,37,Female,high,Na Chueak
769,Sharon Etheridge,53,Female,medium,Hacı Zeynalabdin
770,King Wick,37,Male,medium,Aqsay
771,Felicity Wheatman,49,Female,high,Tatuí
772,Erhard Searson,64,Male,high,Talisay
773,Charley Osselton,37,Male,low,Duki
774,Heddi Barukh,55,Female,medium,Posse
775,Caesar Swiffan,31,Male,low,San Antonio
776,Mia McLevie,38,Female,high,Ibrā’
777,Lyon Romanelli,44,Male,high,Upper Hell's Gate
778,Emmalynn Gutowska,50,Female,high,Valence
779,Ario Burborough,40,Male,medium,Kasiyan
780,Derron Murgatroyd,29,Male,high,Lebyazh’ye
781,Tabby Silk,57,Male,high,Azaruja
782,Rowe Terbrugge,61,Female,high,Heyan
783,Ellene Drysdale,25,Female,low,Svetlyy
784,Antonius Orgee,33,Male,high,Margasari
785,Felicdad Sturch,44,Female,low,Åstorp
786,Liva Clorley,67,Female,high,Bangued
787,Tome Cottee,59,Male,low,Sindangjawa
788,Jerri Brandon,60,Male,high,Caozhen
789,Melony Murdoch,33,Female,medium,Hezheng Chengguanzhen
790,Gamaliel Coppens,56,Male,high,Dikwa
791,Trent Easterling,50,Male,medium,Medina
792,Pansy Bubb,51,Female,medium,Kangar
793,Inge Rey,63,Female,low,Santa Fe
794,Debby Resdale,20,Female,high,Gatbo
795,Kissiah Ravens,64,Female,low,Paraíso de Chabasquén
796,Ennis Beckenham,38,Male,low,Itoigawa
797,Agna Brauns,22,Female,high,Oceanside
798,Gaby Audley,62,Female,high,Cardona
799,Mable Matyatin,52,Female,medium,Tuamese
800,Ibrahim Rembaud,63,Male,low,Independencia
801,Tiffani Spittles,69,Female,medium,Luxi
802,Helen-elizabeth Ascraft,62,Female,high,Kaiapoi
803,Ferris Palfreeman,45,Male,medium,Kete Krachi
804,Walden De'Ath,47,Male,high,Qingshui
805,Berkley Gillbee,47,Male,high,Kota Bharu
806,Nessi Dalton,19,Female,high,Limoeiro do Norte
807,Delphinia Hick,60,Female,low,Varpaisjärvi
808,Estrella Davidge,69,Female,high,Bangkok
809,Gunilla Kinvan,16,Female,medium,Kirkuk
810,Finn Dominguez,61,Male,high,Yungay
811,Helyn Simner,34,Female,medium,Imbang
812,Godard Andriss,65,Male,high,Yamaguchi-shi
813,Dev Schoolcroft,33,Male,high,Kivijärvi
814,Mikey Huggan,64,Male,medium,Phú Mỹ
815,Markos Deakan,25,Male,high,Vigo
816,Rosemonde Christin,61,Female,low,San Rafael Petzal
817,Alisun Scatchar,55,Female,high,San Agustin
818,Ayn Jossel,46,Female,medium,Vohipaho
819,Nikolai Martinson,19,Male,high,Duki
820,Errick Woloschinski,38,Male,low,Yuhuang
821,Selene Lonsbrough,27,Female,high,Tahilt
822,Lorilyn Fardy,33,Female,high,Starokorsunskaya
823,Hermann Andrick,24,Male,medium,Pirapora
824,Gael Pullan,42,Male,low,Baiqiao
825,Wileen Mechi,44,Female,high,Oslo
826,Paton Turpin,24,Male,high,San Luis del Palmar
827,Adler Sedgeman,16,Male,high,Las Cruces
828,Kincaid Filoniere,42,Male,low,Guaymango
829,Caryl Whartonby,47,Male,medium,Jilili
830,Rancell Upcott,26,Male,medium,Luyang
831,Freeman Bench,46,Male,low,Volzhskiy
832,Bambi Joss,29,Female,medium,Crato
833,Filip McQuirter,37,Male,medium,Calubcub Dos
834,Hildegarde Castle,19,Female,high,Dazhongzhuang
835,Raina Filyukov,19,Female,high,Rāwandūz
836,Kienan Sorro,39,Male,medium,Puhechang
837,Anastasia Wardington,57,Female,medium,Al Majd
838,Emilee Salkeld,32,Female,high,Staraya Kupavna
839,Raffaello Golly,35,Male,high,Redon
840,Butch Chisholme,29,Male,medium,Mölndal
841,Leodora Perton,32,Female,medium,Pavlovskaya
842,Georgiana Comar,55,Female,medium,Eskilstuna
843,Kesley Yitzovitz,46,Female,low,Mbale
844,Bliss Bartosch,31,Female,medium,Javarthushuu
845,Leonore Peacop,49,Female,medium,Santa Marcela
846,Joli Duxbury,22,Female,medium,Gręboszów
847,Skylar Redolfi,51,Male,medium,Obita
848,Carly Symones,41,Female,low,Aucayacu
849,Demott Silverthorn,32,Male,low,Shali
850,Cullin Gladhill,50,Male,medium,Jinchuan
851,Thomasina Caddies,35,Female,medium,Gancheng
852,Richy Hainey,51,Male,medium,Cimahi
853,Witty Alexandre,24,Male,low,Ringinrejo
854,Robin Batrip,41,Female,high,Grand Junction
855,Sandra Brunsdon,47,Female,low,Caocun
856,Alexandra Mennear,31,Female,high,Lanckorona
857,Curry Yitzhok,64,Male,medium,Changliu
858,Lurline Loude,45,Female,high,Buikwe
859,Alane MacElharge,18,Female,high,Santa Cruz
860,Yovonnda McCromley,32,Female,medium,Casal da Anja
861,Muhammad Vasilmanov,32,Male,high,Shkotovo
862,Kip Verry,64,Female,low,Indaial
863,Julee Colls,48,Female,medium,Nelson
864,Ursula Hubberstey,18,Female,low,Ribeirão Preto
865,Dael Beeckx,33,Female,low,Tinawagan
866,Loella Hathwood,19,Female,high,Ning’an
867,Geoffrey Orrin,21,Male,low,Thakhèk
868,Eziechiele Stych,62,Male,high,Tullamore
869,Hobey Du Fray,47,Male,high,MacArthur
870,Tobe Lufkin,25,Female,low,Lacdayan
871,Sydelle Ollier,67,Female,high,Vũ Thư
872,Benedicto Gorthy,40,Male,high,Hanban
873,Levin Casperri,37,Male,medium,Tavricheskoye
874,Aleda Fleckno,46,Female,low,Fuhai
875,Margaretha Dulton,32,Female,medium,Bang Phae
876,Clim Oswal,51,Male,low,Formosa
877,Alethea Ollin,39,Female,high,Baoyou
878,Bettye Domoni,30,Female,medium,Malanów
879,Sarena Kield,47,Female,medium,Yevpatoriya
880,Marcie Buckberry,37,Female,medium,Novais
881,Jeannine Kleiner,24,Female,high,Xiushan
882,Quintana Goodreid,20,Female,medium,Mīrpur Māthelo
883,Rebeka Wiszniewski,17,Female,medium,Bureya
884,Carie Gunning,30,Female,low,Calape
885,Omero Lacroux,29,Male,low,Cheremshan
886,Brandie Rambadt,40,Female,high,Bosen
887,Leupold Bunting,69,Male,high,Castro Barros
888,Jacquelyn Calver,19,Female,high,Cayara
889,Sandor Scawn,21,Male,low,Jasugih Selatan
890,Murry Cariss,56,Male,medium,Vanves
891,Hershel Umfrey,29,Male,medium,Salcedo
892,Phillis Reidshaw,62,Female,low,Kallíthiron
893,Stanwood Whitnell,28,Male,high,Weichanglu
894,Norri Hillett,21,Female,medium,Jatirejo
895,Vannie O'Reagan,49,Female,medium,São João
896,Chrissie Dufaire,34,Female,medium,Bosaso
897,Rosabella Daw,66,Female,low,Dvinskoy
898,Janos O'Coskerry,58,Male,low,Sam Chuk
899,Niall Peirpoint,55,Male,medium,Sutysky
900,Carlyle Farmloe,24,Male,medium,Harbin
901,Storm Pavelin,68,Female,high,Tuohua
902,Ryann Dow,43,Female,high,Nusajaya
903,Corette Coenraets,22,Female,medium,Lagoa da Prata
904,Judith Grimmer,44,Female,low,Jelbuk
905,Horace Dik,70,Male,high,Sovetsk
906,Marketa Freathy,24,Female,high,Praga Północ
907,Gasparo Gartland,57,Male,low,Zagnitkiv
908,Renault Whittington,59,Male,medium,Jāsk
909,Thorsten Durgan,42,Male,medium,Olszanica
910,Marven Chatteris,66,Male,medium,Kloangrotat
911,Freeman Roseman,59,Male,medium,Shuangxikou
912,Fredek Setford,44,Male,medium,Haixing
913,Roz January 1st,52,Female,high,Wangshi
914,Ellen Linney,58,Female,medium,Gò Dầu
915,Ansell Heliar,27,Male,medium,Kurortnyy
916,Crawford Herreran,57,Male,medium,Tignoan
917,Germain Mustchin,41,Male,medium,Lanjaghbyur
918,York Ousley,54,Male,high,Gœsdorf
919,Roddie Chipping,60,Male,high,San Gregorio
920,Esteban Ellacott,37,Male,high,Chlumec
921,Buddie Metzig,19,Male,high,Hengtang
922,Jandy Ivain,35,Female,high,Ḩawf
923,Bartlet Dumphreys,45,Male,medium,Täby
924,Robinia De Vere,44,Female,medium,Andros Town
925,Huntley Konertz,27,Male,high,Pryazha
926,Aldrich Cammomile,52,Male,low,Vesëlyy
927,Johnna Agent,69,Female,high,As Samawah
928,Naomi McRonald,25,Female,low,Aioi
929,Genevra Twallin,21,Female,low,Bawshar
930,Sky Greeveson,44,Male,low,Petung
931,Alfonso O'Hallagan,57,Male,low,Zarqa
932,Marlin Blackhurst,26,Male,low,Dong’ao
933,Annemarie Delos,31,Female,low,Allada
934,Elnora Ringwood,36,Female,medium,Kaznějov
935,Vern Norgan,61,Male,high,Strasbourg
936,Crissy Sedgebeer,20,Female,high,Youssoufia
937,Stanislas Marzella,15,Male,high,New York City
938,Abdel St. Aubyn,63,Male,high,Shengli
939,Maura Hegarty,15,Female,medium,Xiangang
940,Tiffanie Fonzone,26,Female,low,Yŏng-dong
941,Vyky MacCallam,64,Female,high,Ricardo Flores Magon
942,Thain Scough,33,Male,high,Arkalyk
943,Ramonda Weight,33,Female,low,Zelenograd
944,Maurice Adamski,40,Male,medium,Buqei‘a
945,Cammy Hathorn,65,Male,high,Nagrumbuan
946,Cyndie Dewire,15,Female,low,Ituberá
947,Corabella Dadge,31,Female,medium,Gombang
948,Tildi Staff,20,Female,high,Golina
949,Jenifer Magenny,59,Female,high,Neuilly-sur-Seine
950,Robbie Jeanesson,23,Female,low,Banjar Gunungpande
951,Terza Ridge,31,Female,high,Glondong
952,Dyane Rasmus,29,Female,high,Sundsvall
953,Ashbey Brookbank,63,Male,medium,Tielu
954,Seline Sames,53,Female,medium,Yuhuazhai
955,Nehemiah Fosdick,46,Male,low,Huangshanguan
956,Hadleigh Greggs,63,Male,low,Wanzu
957,Lyndy Pentycross,44,Female,high,Barcin
958,Berny Chatto,57,Male,high,Sharga
959,Michael Baude,28,Male,low,Sanbao
960,Paulie Varran,50,Female,low,Fukuechō
961,Meredeth Fitchew,26,Male,medium,Mjölby
962,Jannelle Kunzler,25,Female,high,Gardēz
963,Giuseppe Rowsel,54,Male,medium,Pulo
964,Durant Watting,31,Male,high,Calaba
965,Ania Casiero,61,Female,low,Shitan
966,Vallie Pirot,59,Female,high,Peras Ruivas
967,Ruperto Southern,56,Male,low,Okanagan
968,Kacy Gasparro,33,Female,high,Hamburg
969,Gardy Donn,20,Male,high,Balahovit
970,Horst Dureden,25,Male,low,Ngulahan
971,Tamara De Launde,51,Female,medium,Mananjary
972,Jakie Moukes,54,Male,high,Paris 17
973,Edouard Menel,37,Male,low,La Guama
974,Barr Hamill,39,Male,low,Wesoła
975,Anestassia Eagell,52,Female,high,Beaconsfield
976,Ethe Cleworth,15,Male,medium,Jianzhatan
977,Lane Siss,66,Female,medium,Próti
978,Winslow Karchowski,65,Male,high,Burauen
979,Ashby Eliaz,69,Male,high,Yinhedahan’er
980,Robina Ferroli,35,Female,high,Borik
981,Rutherford Gobeau,70,Male,low,Huacapampa
982,Sabra Marran,61,Female,high,Hastings
983,Vilma Jillitt,63,Female,high,Biecz
984,Sherlock Malpass,32,Male,medium,Kunashak
985,Ariana Allsworth,45,Female,high,Vila Chã
986,Anabel De Gogay,27,Female,low,Johor Bahru
987,Sergio Wyburn,65,Male,high,Maebashi-shi
988,Catherin Piell,47,Female,low,Boncis
989,Livia Josse,41,Female,low,Tal’ne
990,Stanford Shillaker,63,Male,high,Beigong
991,Marcelo Purveys,19,Male,low,Río Campo
992,Genovera Megson,25,Female,medium,Kalasin
993,Mikol Ambrogioni,41,Male,low,Nahuo
994,Constantino Prazor,58,Male,low,Yingwusitang
995,Brod Dondon,63,Male,medium,Uk
996,Elysee Sugar,64,Female,low,Kampungruweh
997,Shalne Lillee,41,Female,high,Chengqiao
998,Rees Dunkersley,57,Male,low,Konkwesso
999,Carola Jessope,39,Female,low,Yovon
1000,Alon Flament,46,Male,low,Phetchaburi
